EXPERIMENT, BCAST_TYPE,NPROC,PACKET_SIZE,N_PACKETS,N_BOUNCES,TYPE,NODE,PROCESS,SRC,DST,TAG,COM_TIME,RUNNING_TIME
1, ,4, 10000000, 100,, RS, lab004-074, 3, 3, 1, 4, 0.2198021412
1, ,4, 10000000,100,, SR,lab004-074, 1, 1, 3, 4, 0.2197768688
1, ,4, 10000000, 100,, RS, lab004-074, 2, 2, 0, 2, 0.2229940891
1, ,4, 10000000,100,, SR,lab004-074, 0, 0, 2, 2, 0.2230229378
2, ,4, 10000000,100,, SR,lab004-074, 1, 1, 3, 4, 0.2164618969
2, ,4, 10000000, 100,, RS, lab004-074, 3, 3, 1, 4, 0.2164430618
2, ,4, 10000000,100,, SR,lab004-074, 0, 0, 2, 2, 0.2177989483
2, ,4, 10000000, 100,, RS, lab004-074, 2, 2, 0, 2, 0.2174489498
3, ,4, 10000000, 100,, RS, lab004-074, 3, 3, 1, 4, 0.2119441032
3, ,4, 10000000,100,, SR,lab004-074, 1, 1, 3, 4, 0.2120101452
3, ,4, 10000000, 100,, RS, lab004-074, 2, 2, 0, 2, 0.2125999928
3, ,4, 10000000,100,, SR,lab004-074, 0, 0, 2, 2, 0.2127039433
4, ,4, 10000000, 100,, RS, lab004-074, 3, 3, 1, 4, 0.2149341106
4, ,4, 10000000,100,, SR,lab004-074, 1, 1, 3, 4, 0.2149419785
4, ,4, 10000000,100,, SR,lab004-074, 0, 0, 2, 2, 0.2160708904
4, ,4, 10000000, 100,, RS, lab004-074, 2, 2, 0, 2, 0.2157700062
5, ,4, 10000000, 100,, RS, lab004-074, 3, 3, 1, 4, 0.2086319923
5, ,4, 10000000,100,, SR,lab004-074, 1, 1, 3, 4, 0.2086629868
5, ,4, 10000000,100,, SR,lab004-074, 0, 0, 2, 2, 0.2101469040
5, ,4, 10000000, 100,, RS, lab004-074, 2, 2, 0, 2, 0.2098801136
6, ,4, 10000000,100,, SR,lab004-074, 0, 0, 2, 2, 0.2229828835
6, ,4, 10000000, 100,, RS, lab004-074, 2, 2, 0, 2, 0.2232248783
6, ,4, 10000000, 100,, RS, lab004-074, 3, 3, 1, 4, 0.2242569923
6, ,4, 10000000,100,, SR,lab004-074, 1, 1, 3, 4, 0.2242629528
7, ,4, 10000000,100,, SR,lab004-074, 1, 1, 3, 4, 0.2087199688
7, ,4, 10000000, 100,, RS, lab004-074, 3, 3, 1, 4, 0.2086610794
7, ,4, 10000000,100,, SR,lab004-074, 0, 0, 2, 2, 0.2135729790
7, ,4, 10000000, 100,, RS, lab004-074, 2, 2, 0, 2, 0.2132451534
8, ,4, 10000000, 100,, RS, lab004-074, 3, 3, 1, 4, 0.2149758339
8, ,4, 10000000,100,, SR,lab004-074, 1, 1, 3, 4, 0.2149820328
8, ,4, 10000000, 100,, RS, lab004-074, 2, 2, 0, 2, 0.2190299034
8, ,4, 10000000,100,, SR,lab004-074, 0, 0, 2, 2, 0.2187578678
9, ,4, 10000000, 100,, RS, lab004-074, 2, 2, 0, 2, 0.2152800560
9, ,4, 10000000, 100,, RS, lab004-074, 3, 3, 1, 4, 0.2152631283
9, ,4, 10000000,100,, SR,lab004-074, 0, 0, 2, 2, 0.2152318954
9, ,4, 10000000,100,, SR,lab004-074, 1, 1, 3, 4, 0.2152938843
10, ,4, 10000000,100,, SR,lab004-074, 0, 0, 2, 2, 0.2212419510
10, ,4, 10000000, 100,, RS, lab004-074, 2, 2, 0, 2, 0.2211809158
10, ,4, 10000000, 100,, RS, lab004-074, 3, 3, 1, 4, 0.2221460342
10, ,4, 10000000,100,, SR,lab004-074, 1, 1, 3, 4, 0.2218670845
1, ,4, 1000000, 100,, RS, lab004-074, 3, 3, 1, 4, 0.0092189312
1, ,4, 1000000,100,, SR,lab004-074, 1, 1, 3, 4, 0.0091948509
1, ,4, 1000000, 100,, RS, lab004-074, 2, 2, 0, 2, 0.0092971325
1, ,4, 1000000,100,, SR,lab004-074, 0, 0, 2, 2, 0.0095620155
2, ,4, 1000000, 100,, RS, lab004-074, 3, 3, 1, 4, 0.0091769695
2, ,4, 1000000,100,, SR,lab004-074, 1, 1, 3, 4, 0.0092320442
2, ,4, 1000000, 100,, RS, lab004-074, 2, 2, 0, 2, 0.0095260143
2, ,4, 1000000,100,, SR,lab004-074, 0, 0, 2, 2, 0.0092830658
3, ,4, 1000000, 100,, RS, lab004-074, 3, 3, 1, 4, 0.0091550350
3, ,4, 1000000,100,, SR,lab004-074, 1, 1, 3, 4, 0.0092799664
3, ,4, 1000000,100,, SR,lab004-074, 0, 0, 2, 2, 0.0093162060
3, ,4, 1000000, 100,, RS, lab004-074, 2, 2, 0, 2, 0.0094199181
4, ,4, 1000000,100,, SR,lab004-074, 1, 1, 3, 4, 0.0090999603
4, ,4, 1000000, 100,, RS, lab004-074, 3, 3, 1, 4, 0.0090539455
4, ,4, 1000000,100,, SR,lab004-074, 0, 0, 2, 2, 0.0096318722
4, ,4, 1000000, 100,, RS, lab004-074, 2, 2, 0, 2, 0.0093209743
5, ,4, 1000000, 100,, RS, lab004-074, 3, 3, 1, 4, 0.0092470646
5, ,4, 1000000,100,, SR,lab004-074, 1, 1, 3, 4, 0.0092489719
5, ,4, 1000000,100,, SR,lab004-074, 0, 0, 2, 2, 0.0093119144
5, ,4, 1000000, 100,, RS, lab004-074, 2, 2, 0, 2, 0.0096061230
6, ,4, 1000000,100,, SR,lab004-074, 1, 1, 3, 4, 0.0091989040
6, ,4, 1000000, 100,, RS, lab004-074, 3, 3, 1, 4, 0.0091760159
6, ,4, 1000000, 100,, RS, lab004-074, 2, 2, 0, 2, 0.0096178055
6, ,4, 1000000,100,, SR,lab004-074, 0, 0, 2, 2, 0.0093240738
7, ,4, 1000000, 100,, RS, lab004-074, 3, 3, 1, 4, 0.0091640949
7, ,4, 1000000,100,, SR,lab004-074, 1, 1, 3, 4, 0.0091829300
7, ,4, 1000000,100,, SR,lab004-074, 0, 0, 2, 2, 0.0093319416
7, ,4, 1000000, 100,, RS, lab004-074, 2, 2, 0, 2, 0.0095629692
8, ,4, 1000000, 100,, RS, lab004-074, 3, 3, 1, 4, 0.0091960430
8, ,4, 1000000,100,, SR,lab004-074, 1, 1, 3, 4, 0.0091979504
8, ,4, 1000000, 100,, RS, lab004-074, 2, 2, 0, 2, 0.0096240044
8, ,4, 1000000,100,, SR,lab004-074, 0, 0, 2, 2, 0.0093491077
9, ,4, 1000000, 100,, RS, lab004-074, 3, 3, 1, 4, 0.0091941357
9, ,4, 1000000,100,, SR,lab004-074, 1, 1, 3, 4, 0.0092141628
9, ,4, 1000000, 100,, RS, lab004-074, 2, 2, 0, 2, 0.0093481541
9, ,4, 1000000,100,, SR,lab004-074, 0, 0, 2, 2, 0.0096459389
10, ,4, 1000000, 100,, RS, lab004-074, 3, 3, 1, 4, 0.0091960430
10, ,4, 1000000,100,, SR,lab004-074, 1, 1, 3, 4, 0.0092229843
10, ,4, 1000000, 100,, RS, lab004-074, 2, 2, 0, 2, 0.0093238354
10, ,4, 1000000,100,, SR,lab004-074, 0, 0, 2, 2, 0.0096151829
1, ,4, 10000,100,, SR,lab004-074, 1, 1, 3, 4, 0.0002450943
1, ,4, 10000, 100,, RS, lab004-074, 3, 3, 1, 4, 0.0002441406
1, ,4, 10000,100,, SR,lab004-074, 0, 0, 2, 2, 0.0012199879
1, ,4, 10000, 100,, RS, lab004-074, 2, 2, 0, 2, 0.0002830029
2, ,4, 10000, 100,, RS, lab004-074, 3, 3, 1, 4, 0.0002410412
2, ,4, 10000,100,, SR,lab004-074, 1, 1, 3, 4, 0.0002419949
2, ,4, 10000, 100,, RS, lab004-074, 2, 2, 0, 2, 0.0006811619
2, ,4, 10000,100,, SR,lab004-074, 0, 0, 2, 2, 0.0002350807
3, ,4, 10000,100,, SR,lab004-074, 1, 1, 3, 4, 0.0002701283
3, ,4, 10000, 100,, RS, lab004-074, 3, 3, 1, 4, 0.0002470016
3, ,4, 10000,100,, SR,lab004-074, 0, 0, 2, 2, 0.0004248619
3, ,4, 10000, 100,, RS, lab004-074, 2, 2, 0, 2, 0.0004048347
4, ,4, 10000,100,, SR,lab004-074, 0, 0, 2, 2, 0.0002419949
4, ,4, 10000, 100,, RS, lab004-074, 2, 2, 0, 2, 0.0003468990
4, ,4, 10000,100,, SR,lab004-074, 1, 1, 3, 4, 0.0004270077
4, ,4, 10000, 100,, RS, lab004-074, 3, 3, 1, 4, 0.0003550053
5, ,4, 10000,100,, SR,lab004-074, 0, 0, 2, 2, 0.0002369881
5, ,4, 10000, 100,, RS, lab004-074, 2, 2, 0, 2, 0.0002310276
5, ,4, 10000, 100,, RS, lab004-074, 3, 3, 1, 4, 0.0006890297
5, ,4, 10000,100,, SR,lab004-074, 1, 1, 3, 4, 0.0002439022
6, ,4, 10000, 100,, RS, lab004-074, 3, 3, 1, 4, 0.0002300739
6, ,4, 10000,100,, SR,lab004-074, 1, 1, 3, 4, 0.0002799034
6, ,4, 10000,100,, SR,lab004-074, 0, 0, 2, 2, 0.0004711151
6, ,4, 10000, 100,, RS, lab004-074, 2, 2, 0, 2, 0.0003850460
7, ,4, 10000, 100,, RS, lab004-074, 3, 3, 1, 4, 0.0002419949
7, ,4, 10000,100,, SR,lab004-074, 1, 1, 3, 4, 0.0002429485
7, ,4, 10000, 100,, RS, lab004-074, 2, 2, 0, 2, 0.0006208420
7, ,4, 10000,100,, SR,lab004-074, 0, 0, 2, 2, 0.0004041195
8, ,4, 10000, 100,, RS, lab004-074, 2, 2, 0, 2, 0.0002310276
8, ,4, 10000,100,, SR,lab004-074, 0, 0, 2, 2, 0.0002949238
8, ,4, 10000,100,, SR,lab004-074, 1, 1, 3, 4, 0.0003840923
8, ,4, 10000, 100,, RS, lab004-074, 3, 3, 1, 4, 0.0006740093
9, ,4, 10000, 100,, RS, lab004-074, 3, 3, 1, 4, 0.0003471375
9, ,4, 10000,100,, SR,lab004-074, 1, 1, 3, 4, 0.0002350807
9, ,4, 10000, 100,, RS, lab004-074, 2, 2, 0, 2, 0.0003969669
9, ,4, 10000,100,, SR,lab004-074, 0, 0, 2, 2, 0.0004789829
10, ,4, 10000, 100,, RS, lab004-074, 3, 3, 1, 4, 0.0002248287
10, ,4, 10000,100,, SR,lab004-074, 1, 1, 3, 4, 0.0002481937
10, ,4, 10000, 100,, RS, lab004-074, 2, 2, 0, 2, 0.0007278919
10, ,4, 10000,100,, SR,lab004-074, 0, 0, 2, 2, 0.0002460480
1, ,4, 1000, 100,, RS, lab004-074, 2, 2, 0, 2, 0.000221
1, ,4, 1000,100,, SR,lab004-074, 0, 0, 2, 2, 0.000229
1, ,4, 1000,100,, SR,lab004-074, 1, 1, 3, 4, 0.000266
1, ,4, 1000, 100,, RS, lab004-074, 3, 3, 1, 4, 0.000729
2, ,4, 1000,100,, SR,lab004-074, 0, 0, 2, 2, 0.000233
2, ,4, 1000, 100,, RS, lab004-074, 2, 2, 0, 2, 0.000331
2, ,4, 1000, 100,, RS, lab004-074, 3, 3, 1, 4, 0.000414
2, ,4, 1000,100,, SR,lab004-074, 1, 1, 3, 4, 0.000386
3, ,4, 1000, 100,, RS, lab004-074, 3, 3, 1, 4, 0.000190
3, ,4, 1000,100,, SR,lab004-074, 1, 1, 3, 4, 0.000225
3, ,4, 1000, 100,, RS, lab004-074, 2, 2, 0, 2, 0.000560
3, ,4, 1000,100,, SR,lab004-074, 0, 0, 2, 2, 0.000386
4, ,4, 1000, 100,, RS, lab004-074, 3, 3, 1, 4, 0.000236
4, ,4, 1000,100,, SR,lab004-074, 1, 1, 3, 4, 0.000238
4, ,4, 1000, 100,, RS, lab004-074, 2, 2, 0, 2, 0.000673
4, ,4, 1000,100,, SR,lab004-074, 0, 0, 2, 2, 0.000221
5, ,4, 1000,100,, SR,lab004-074, 1, 1, 3, 4, 0.000221
5, ,4, 1000, 100,, RS, lab004-074, 3, 3, 1, 4, 0.000235
5, ,4, 1000,100,, SR,lab004-074, 0, 0, 2, 2, 0.000583
5, ,4, 1000, 100,, RS, lab004-074, 2, 2, 0, 2, 0.000126
6, ,4, 1000, 100,, RS, lab004-074, 3, 3, 1, 4, 0.000217
6, ,4, 1000,100,, SR,lab004-074, 1, 1, 3, 4, 0.000225
6, ,4, 1000, 100,, RS, lab004-074, 2, 2, 0, 2, 0.000609
6, ,4, 1000,100,, SR,lab004-074, 0, 0, 2, 2, 0.000225
7, ,4, 1000, 100,, RS, lab004-074, 2, 2, 0, 2, 0.000231
7, ,4, 1000,100,, SR,lab004-074, 0, 0, 2, 2, 0.000234
7, ,4, 1000,100,, SR,lab004-074, 1, 1, 3, 4, 0.000538
7, ,4, 1000, 100,, RS, lab004-074, 3, 3, 1, 4, 0.000301
8, ,4, 1000,100,, SR,lab004-074, 0, 0, 2, 2, 0.000227
8, ,4, 1000, 100,, RS, lab004-074, 2, 2, 0, 2, 0.000160
8, ,4, 1000, 100,, RS, lab004-074, 3, 3, 1, 4, 0.000602
8, ,4, 1000,100,, SR,lab004-074, 1, 1, 3, 4, 0.000396
9, ,4, 1000,100,, SR,lab004-074, 0, 0, 2, 2, 0.000237
9, ,4, 1000, 100,, RS, lab004-074, 2, 2, 0, 2, 0.000208
9, ,4, 1000, 100,, RS, lab004-074, 3, 3, 1, 4, 0.000421
9, ,4, 1000,100,, SR,lab004-074, 1, 1, 3, 4, 0.000382
10, ,4, 1000,100,, SR,lab004-074, 1, 1, 3, 4, 0.000240
10, ,4, 1000, 100,, RS, lab004-074, 3, 3, 1, 4, 0.000224
10, ,4, 1000,100,, SR,lab004-074, 0, 0, 2, 2, 0.000574
10, ,4, 1000, 100,, RS, lab004-074, 2, 2, 0, 2, 0.000123
1, ,4, 1,100,, SR,lab004-074, 0, 0, 2, 2, 0.0000998974
1, ,4, 1, 100,, RS, lab004-074, 2, 2, 0, 2, 0.0000960827
1, ,4, 1, 100,, RS, lab004-074, 3, 3, 1, 4, 0.0003972054
1, ,4, 1,100,, SR,lab004-074, 1, 1, 3, 4, 0.0000610352
2, ,4, 1, 100,, RS, lab004-074, 3, 3, 1, 4, 0.0001721382
2, ,4, 1,100,, SR,lab004-074, 1, 1, 3, 4, 0.0000698566
2, ,4, 1, 100,, RS, lab004-074, 2, 2, 0, 2, 0.0002381802
2, ,4, 1,100,, SR,lab004-074, 0, 0, 2, 2, 0.0002732277
3, ,4, 1,100,, SR,lab004-074, 0, 0, 2, 2, 0.0000789165
3, ,4, 1, 100,, RS, lab004-074, 2, 2, 0, 2, 0.0000572205
3, ,4, 1,100,, SR,lab004-074, 1, 1, 3, 4, 0.0000710487
3, ,4, 1, 100,, RS, lab004-074, 3, 3, 1, 4, 0.0005559921
4, ,4, 1,100,, SR,lab004-074, 0, 0, 2, 2, 0.0000958443
4, ,4, 1, 100,, RS, lab004-074, 2, 2, 0, 2, 0.0000960827
4, ,4, 1, 100,, RS, lab004-074, 3, 3, 1, 4, 0.0004940033
4, ,4, 1,100,, SR,lab004-074, 1, 1, 3, 4, 0.0001029968
5, ,4, 1, 100,, RS, lab004-074, 3, 3, 1, 4, 0.0000610352
5, ,4, 1,100,, SR,lab004-074, 1, 1, 3, 4, 0.0000729561
5, ,4, 1, 100,, RS, lab004-074, 2, 2, 0, 2, 0.0000679493
5, ,4, 1,100,, SR,lab004-074, 0, 0, 2, 2, 0.0004949570
6, ,4, 1, 100,, RS, lab004-074, 2, 2, 0, 2, 0.0001480579
6, ,4, 1,100,, SR,lab004-074, 0, 0, 2, 2, 0.0000700951
6, ,4, 1, 100,, RS, lab004-074, 3, 3, 1, 4, 0.0002300739
6, ,4, 1,100,, SR,lab004-074, 1, 1, 3, 4, 0.0000619888
7, ,4, 1,100,, SR,lab004-074, 0, 0, 2, 2, 0.0000948906
7, ,4, 1, 100,, RS, lab004-074, 2, 2, 0, 2, 0.0000929832
7, ,4, 1,100,, SR,lab004-074, 1, 1, 3, 4, 0.0000808239
7, ,4, 1, 100,, RS, lab004-074, 3, 3, 1, 4, 0.0004699230
8, ,4, 1, 100,, RS, lab004-074, 2, 2, 0, 2, 0.0000920296
8, ,4, 1,100,, SR,lab004-074, 0, 0, 2, 2, 0.0000848770
8, ,4, 1,100,, SR,lab004-074, 1, 1, 3, 4, 0.0000629425
8, ,4, 1, 100,, RS, lab004-074, 3, 3, 1, 4, 0.0004699230
9, ,4, 1,100,, SR,lab004-074, 0, 0, 2, 2, 0.0000720024
9, ,4, 1, 100,, RS, lab004-074, 2, 2, 0, 2, 0.0000700951
9, ,4, 1, 100,, RS, lab004-074, 3, 3, 1, 4, 0.0000560284
9, ,4, 1,100,, SR,lab004-074, 1, 1, 3, 4, 0.0004439354
10, ,4, 1,100,, SR,lab004-074, 1, 1, 3, 4, 0.0000689030
10, ,4, 1, 100,, RS, lab004-074, 3, 3, 1, 4, 0.0000658035
10, ,4, 1,100,, SR,lab004-074, 0, 0, 2, 2, 0.0000631809
10, ,4, 1, 100,, RS, lab004-074, 2, 2, 0, 2, 0.0005128384
1, ,8, 10000000, 100,, RS, lab004-075, 6, 6, 2, 8, 31.6453399658
1, ,8, 10000000,100,, SR,lab004-074, 2, 2, 6, 8, 31.6454908848
1, ,8, 10000000, 100,, RS, lab004-075, 4, 4, 0, 4, 34.0617299080
1, ,8, 10000000,100,, SR,lab004-074, 0, 0, 4, 4, 34.0617978573
1, ,8, 10000000, 100,, RS, lab004-075, 5, 5, 1, 6, 34.1093161106
1, ,8, 10000000,100,, SR,lab004-074, 1, 1, 5, 6, 34.1093068123
1, ,8, 10000000, 100,, RS, lab004-075, 7, 7, 3, 10, 34.2464170456
1, ,8, 10000000,100,, SR,lab004-074, 3, 3, 7, 10, 34.2466278076
2, ,8, 10000000, 100,, RS, lab004-075, 6, 6, 2, 8, 30.6161420345
2, ,8, 10000000,100,, SR,lab004-074, 2, 2, 6, 8, 30.6164410114
2, ,8, 10000000, 100,, RS, lab004-075, 5, 5, 1, 6, 32.9987881184
2, ,8, 10000000,100,, SR,lab004-074, 1, 1, 5, 6, 32.9989910126
2, ,8, 10000000, 100,, RS, lab004-075, 7, 7, 3, 10, 33.7344460487
2, ,8, 10000000,100,, SR,lab004-074, 3, 3, 7, 10, 33.7346510887
2, ,8, 10000000,100,, SR,lab004-074, 0, 0, 4, 4, 34.2470769882
2, ,8, 10000000, 100,, RS, lab004-075, 4, 4, 0, 4, 34.2469658852
3, ,8, 10000000, 100,, RS, lab004-075, 6, 6, 2, 8, 32.2277679443
3, ,8, 10000000,100,, SR,lab004-074, 2, 2, 6, 8, 32.2277710438
3, ,8, 10000000, 100,, RS, lab004-075, 4, 4, 0, 4, 32.7868959904
3, ,8, 10000000,100,, SR,lab004-074, 0, 0, 4, 4, 32.7871069908
3, ,8, 10000000, 100,, RS, lab004-075, 7, 7, 3, 10, 34.0947539806
3, ,8, 10000000,100,, SR,lab004-074, 3, 3, 7, 10, 34.0949711800
3, ,8, 10000000, 100,, RS, lab004-075, 5, 5, 1, 6, 34.2460319996
3, ,8, 10000000,100,, SR,lab004-074, 1, 1, 5, 6, 34.2461240292
4, ,8, 10000000, 100,, RS, lab004-075, 4, 4, 0, 4, 32.7565701008
4, ,8, 10000000,100,, SR,lab004-074, 0, 0, 4, 4, 32.7567119598
4, ,8, 10000000, 100,, RS, lab004-075, 5, 5, 1, 6, 33.2721600533
4, ,8, 10000000,100,, SR,lab004-074, 1, 1, 5, 6, 33.2723851204
4, ,8, 10000000, 100,, RS, lab004-075, 7, 7, 3, 10, 34.1545150280
4, ,8, 10000000,100,, SR,lab004-074, 3, 3, 7, 10, 34.1547319889
4, ,8, 10000000, 100,, RS, lab004-075, 6, 6, 2, 8, 34.2461261749
4, ,8, 10000000,100,, SR,lab004-074, 2, 2, 6, 8, 34.2461330891
5, ,8, 10000000, 100,, RS, lab004-075, 4, 4, 0, 4, 29.0642940998
5, ,8, 10000000,100,, SR,lab004-074, 0, 0, 4, 4, 29.0645229816
5, ,8, 10000000, 100,, RS, lab004-075, 7, 7, 3, 10, 34.0576188564
5, ,8, 10000000,100,, SR,lab004-074, 3, 3, 7, 10, 34.0577828884
5, ,8, 10000000, 100,, RS, lab004-075, 5, 5, 1, 6, 34.2279119492
5, ,8, 10000000,100,, SR,lab004-074, 1, 1, 5, 6, 34.2280378342
5, ,8, 10000000, 100,, RS, lab004-075, 6, 6, 2, 8, 34.2459461689
5, ,8, 10000000,100,, SR,lab004-074, 2, 2, 6, 8, 34.2462329865
6, ,8, 10000000, 100,, RS, lab004-075, 5, 5, 1, 6, 27.8641331196
6, ,8, 10000000,100,, SR,lab004-074, 1, 1, 5, 6, 27.8642499447
6, ,8, 10000000, 100,, RS, lab004-075, 6, 6, 2, 8, 34.1907470226
6, ,8, 10000000,100,, SR,lab004-074, 2, 2, 6, 8, 34.1908869743
6, ,8, 10000000, 100,, RS, lab004-075, 7, 7, 3, 10, 34.2367928028
6, ,8, 10000000,100,, SR,lab004-074, 3, 3, 7, 10, 34.2369310856
6, ,8, 10000000, 100,, RS, lab004-075, 4, 4, 0, 4, 34.2460770607
6, ,8, 10000000,100,, SR,lab004-074, 0, 0, 4, 4, 34.2463479042
7, ,8, 10000000, 100,, RS, lab004-075, 5, 5, 1, 6, 31.0265181065
7, ,8, 10000000,100,, SR,lab004-074, 1, 1, 5, 6, 31.0266399384
7, ,8, 10000000, 100,, RS, lab004-075, 7, 7, 3, 10, 34.0534641743
7, ,8, 10000000,100,, SR,lab004-074, 3, 3, 7, 10, 34.0535080433
7, ,8, 10000000, 100,, RS, lab004-075, 6, 6, 2, 8, 34.2412991524
7, ,8, 10000000,100,, SR,lab004-074, 2, 2, 6, 8, 34.2414600849
7, ,8, 10000000, 100,, RS, lab004-075, 4, 4, 0, 4, 34.2460260391
7, ,8, 10000000,100,, SR,lab004-074, 0, 0, 4, 4, 34.2463009357
8, ,8, 10000000, 100,, RS, lab004-075, 7, 7, 3, 10, 29.8559911251
8, ,8, 10000000,100,, SR,lab004-074, 3, 3, 7, 10, 29.8562281132
8, ,8, 10000000, 100,, RS, lab004-075, 6, 6, 2, 8, 33.7131030560
8, ,8, 10000000,100,, SR,lab004-074, 2, 2, 6, 8, 33.7131609917
8, ,8, 10000000, 100,, RS, lab004-075, 5, 5, 1, 6, 33.9309639931
8, ,8, 10000000,100,, SR,lab004-074, 1, 1, 5, 6, 33.9310472012
8, ,8, 10000000, 100,, RS, lab004-075, 4, 4, 0, 4, 34.2470240593
8, ,8, 10000000,100,, SR,lab004-074, 0, 0, 4, 4, 34.2473139763
9, ,8, 10000000, 100,, RS, lab004-075, 7, 7, 3, 10, 29.4196088314
9, ,8, 10000000,100,, SR,lab004-074, 3, 3, 7, 10, 29.4198570251
9, ,8, 10000000, 100,, RS, lab004-075, 5, 5, 1, 6, 33.5792329311
9, ,8, 10000000,100,, SR,lab004-074, 1, 1, 5, 6, 33.5793869495
9, ,8, 10000000, 100,, RS, lab004-075, 6, 6, 2, 8, 33.7725768089
9, ,8, 10000000,100,, SR,lab004-074, 2, 2, 6, 8, 33.7727050781
9, ,8, 10000000, 100,, RS, lab004-075, 4, 4, 0, 4, 34.2476520538
9, ,8, 10000000,100,, SR,lab004-074, 0, 0, 4, 4, 34.2478191853
10, ,8, 10000000, 100,, RS, lab004-075, 6, 6, 2, 8, 27.9096748829
10, ,8, 10000000,100,, SR,lab004-074, 2, 2, 6, 8, 27.9099509716
10, ,8, 10000000, 100,, RS, lab004-075, 4, 4, 0, 4, 34.1633090973
10, ,8, 10000000,100,, SR,lab004-074, 0, 0, 4, 4, 34.1635730267
10, ,8, 10000000, 100,, RS, lab004-075, 5, 5, 1, 6, 34.1987171173
10, ,8, 10000000,100,, SR,lab004-074, 1, 1, 5, 6, 34.1989941597
10, ,8, 10000000, 100,, RS, lab004-075, 7, 7, 3, 10, 34.2458000183
10, ,8, 10000000,100,, SR,lab004-074, 3, 3, 7, 10, 34.2460539341
1, ,8, 1000000, 100,, RS, lab004-075, 4, 4, 0, 4, 3.2974081039
1, ,8, 1000000,100,, SR,lab004-074, 0, 0, 4, 4, 3.2974400520
1, ,8, 1000000, 100,, RS, lab004-075, 7, 7, 3, 10, 3.3616611958
1, ,8, 1000000,100,, SR,lab004-074, 3, 3, 7, 10, 3.3618791103
1, ,8, 1000000, 100,, RS, lab004-075, 6, 6, 2, 8, 3.3914330006
1, ,8, 1000000,100,, SR,lab004-074, 2, 2, 6, 8, 3.3915631771
1, ,8, 1000000, 100,, RS, lab004-075, 5, 5, 1, 6, 3.4265589714
1, ,8, 1000000,100,, SR,lab004-074, 1, 1, 5, 6, 3.4268240929
2, ,8, 1000000, 100,, RS, lab004-075, 5, 5, 1, 6, 3.3596351147
2, ,8, 1000000, 100,, RS, lab004-075, 4, 4, 0, 4, 3.4190301895
2, ,8, 1000000,100,, SR,lab004-074, 1, 1, 5, 6, 3.3597621918
2, ,8, 1000000,100,, SR,lab004-074, 0, 0, 4, 4, 3.4192221165
2, ,8, 1000000, 100,, RS, lab004-075, 7, 7, 3, 10, 3.4225399494
2, ,8, 1000000, 100,, RS, lab004-075, 6, 6, 2, 8, 3.4255549908
2, ,8, 1000000,100,, SR,lab004-074, 3, 3, 7, 10, 3.4226648808
2, ,8, 1000000,100,, SR,lab004-074, 2, 2, 6, 8, 3.4256908894
3, ,8, 1000000, 100,, RS, lab004-075, 4, 4, 0, 4, 3.2509431839
3, ,8, 1000000,100,, SR,lab004-074, 0, 0, 4, 4, 3.2516028881
3, ,8, 1000000, 100,, RS, lab004-075, 5, 5, 1, 6, 3.3925039768
3, ,8, 1000000,100,, SR,lab004-074, 1, 1, 5, 6, 3.3929800987
3, ,8, 1000000, 100,, RS, lab004-075, 7, 7, 3, 10, 3.4137620926
3, ,8, 1000000,100,, SR,lab004-074, 3, 3, 7, 10, 3.4143388271
3, ,8, 1000000, 100,, RS, lab004-075, 6, 6, 2, 8, 3.4240679741
3, ,8, 1000000,100,, SR,lab004-074, 2, 2, 6, 8, 3.4261341095
4, ,8, 1000000, 100,, RS, lab004-075, 4, 4, 0, 4, 3.3442559242
4, ,8, 1000000,100,, SR,lab004-074, 0, 0, 4, 4, 3.3443830013
4, ,8, 1000000, 100,, RS, lab004-075, 7, 7, 3, 10, 3.4042170048
4, ,8, 1000000,100,, SR,lab004-074, 3, 3, 7, 10, 3.4042561054
4, ,8, 1000000, 100,, RS, lab004-075, 6, 6, 2, 8, 3.4085080624
4, ,8, 1000000,100,, SR,lab004-074, 2, 2, 6, 8, 3.4086878300
4, ,8, 1000000, 100,, RS, lab004-075, 5, 5, 1, 6, 3.4258639812
4, ,8, 1000000,100,, SR,lab004-074, 1, 1, 5, 6, 3.4260141850
5, ,8, 1000000, 100,, RS, lab004-075, 7, 7, 3, 10, 3.3776941299
5, ,8, 1000000,100,, SR,lab004-074, 3, 3, 7, 10, 3.3780891895
5, ,8, 1000000, 100,, RS, lab004-075, 5, 5, 1, 6, 3.3879468441
5, ,8, 1000000,100,, SR,lab004-074, 1, 1, 5, 6, 3.3885338306
5, ,8, 1000000, 100,, RS, lab004-075, 6, 6, 2, 8, 3.4245309830
5, ,8, 1000000, 100,, RS, lab004-075, 4, 4, 0, 4, 3.4253301620
5, ,8, 1000000,100,, SR,lab004-074, 2, 2, 6, 8, 3.4247961044
5, ,8, 1000000,100,, SR,lab004-074, 0, 0, 4, 4, 3.4257049561
6, ,8, 1000000, 100,, RS, lab004-075, 6, 6, 2, 8, 3.2460091114
6, ,8, 1000000,100,, SR,lab004-074, 2, 2, 6, 8, 3.2460610867
6, ,8, 1000000, 100,, RS, lab004-075, 4, 4, 0, 4, 3.3690481186
6, ,8, 1000000,100,, SR,lab004-074, 0, 0, 4, 4, 3.3690931797
6, ,8, 1000000, 100,, RS, lab004-075, 5, 5, 1, 6, 3.4141030312
6, ,8, 1000000,100,, SR,lab004-074, 1, 1, 5, 6, 3.4143071175
6, ,8, 1000000, 100,, RS, lab004-075, 7, 7, 3, 10, 3.4263520241
6, ,8, 1000000,100,, SR,lab004-074, 3, 3, 7, 10, 3.4264709949
7, ,8, 1000000, 100,, RS, lab004-075, 6, 6, 2, 8, 3.4049410820
7, ,8, 1000000,100,, SR,lab004-074, 2, 2, 6, 8, 3.4056410789
7, ,8, 1000000, 100,, RS, lab004-075, 5, 5, 1, 6, 3.4134759903
7, ,8, 1000000, 100,, RS, lab004-075, 7, 7, 3, 10, 3.4167108536
7, ,8, 1000000,100,, SR,lab004-074, 1, 1, 5, 6, 3.4140629768
7, ,8, 1000000,100,, SR,lab004-074, 3, 3, 7, 10, 3.4172050953
7, ,8, 1000000, 100,, RS, lab004-075, 4, 4, 0, 4, 3.4252598286
7, ,8, 1000000,100,, SR,lab004-074, 0, 0, 4, 4, 3.4258120060
8, ,8, 1000000, 100,, RS, lab004-075, 6, 6, 2, 8, 3.2108368874
8, ,8, 1000000,100,, SR,lab004-074, 2, 2, 6, 8, 3.2109858990
8, ,8, 1000000, 100,, RS, lab004-075, 4, 4, 0, 4, 3.3243892193
8, ,8, 1000000,100,, SR,lab004-074, 0, 0, 4, 4, 3.3244040012
8, ,8, 1000000, 100,, RS, lab004-075, 7, 7, 3, 10, 3.4193699360
8, ,8, 1000000,100,, SR,lab004-074, 3, 3, 7, 10, 3.4193921089
8, ,8, 1000000, 100,, RS, lab004-075, 5, 5, 1, 6, 3.4256651402
8, ,8, 1000000,100,, SR,lab004-074, 1, 1, 5, 6, 3.4259099960
9, ,8, 1000000, 100,, RS, lab004-075, 6, 6, 2, 8, 3.4014959335
9, ,8, 1000000,100,, SR,lab004-074, 2, 2, 6, 8, 3.4015018940
9, ,8, 1000000, 100,, RS, lab004-075, 7, 7, 3, 10, 3.4083521366
9, ,8, 1000000,100,, SR,lab004-074, 3, 3, 7, 10, 3.4084208012
9, ,8, 1000000, 100,, RS, lab004-075, 4, 4, 0, 4, 3.4163441658
9, ,8, 1000000,100,, SR,lab004-074, 0, 0, 4, 4, 3.4163899422
9, ,8, 1000000, 100,, RS, lab004-075, 5, 5, 1, 6, 3.4259030819
9, ,8, 1000000,100,, SR,lab004-074, 1, 1, 5, 6, 3.4261488914
10, ,8, 1000000, 100,, RS, lab004-075, 4, 4, 0, 4, 3.2702639103
10, ,8, 1000000,100,, SR,lab004-074, 0, 0, 4, 4, 3.2703359127
10, ,8, 1000000, 100,, RS, lab004-075, 6, 6, 2, 8, 3.3770859241
10, ,8, 1000000,100,, SR,lab004-074, 2, 2, 6, 8, 3.3771290779
10, ,8, 1000000, 100,, RS, lab004-075, 5, 5, 1, 6, 3.3930890560
10, ,8, 1000000,100,, SR,lab004-074, 1, 1, 5, 6, 3.3931410313
10, ,8, 1000000, 100,, RS, lab004-075, 7, 7, 3, 10, 3.4264059067
10, ,8, 1000000,100,, SR,lab004-074, 3, 3, 7, 10, 3.4264647961
1, ,8, 10000, 100,, RS, lab004-075, 7, 7, 3, 10, 0.0309710503
1, ,8, 10000, 100,, RS, lab004-075, 6, 6, 2, 8, 0.0313019753
1, ,8, 10000, 100,, RS, lab004-075, 5, 5, 1, 6, 0.0327429771
1, ,8, 10000,100,, SR,lab004-074, 3, 3, 7, 10, 0.0311880112
1, ,8, 10000,100,, SR,lab004-074, 2, 2, 6, 8, 0.0314419270
1, ,8, 10000,100,, SR,lab004-074, 1, 1, 5, 6, 0.0329360962
1, ,8, 10000, 100,, RS, lab004-075, 4, 4, 0, 4, 0.0348789692
1, ,8, 10000,100,, SR,lab004-074, 0, 0, 4, 4, 0.0350649357
2, ,8, 10000, 100,, RS, lab004-075, 6, 6, 2, 8, 0.0305991173
2, ,8, 10000, 100,, RS, lab004-075, 4, 4, 0, 4, 0.0311448574
2, ,8, 10000, 100,, RS, lab004-075, 7, 7, 3, 10, 0.0321578979
2, ,8, 10000,100,, SR,lab004-074, 2, 2, 6, 8, 0.0306880474
2, ,8, 10000,100,, SR,lab004-074, 0, 0, 4, 4, 0.0311920643
2, ,8, 10000,100,, SR,lab004-074, 3, 3, 7, 10, 0.0321650505
2, ,8, 10000, 100,, RS, lab004-075, 5, 5, 1, 6, 0.0349059105
2, ,8, 10000,100,, SR,lab004-074, 1, 1, 5, 6, 0.0349500179
3, ,8, 10000, 100,, RS, lab004-075, 7, 7, 3, 10, 0.0298151970
3, ,8, 10000, 100,, RS, lab004-075, 5, 5, 1, 6, 0.0298728943
3, ,8, 10000,100,, SR,lab004-074, 3, 3, 7, 10, 0.0299339294
3, ,8, 10000,100,, SR,lab004-074, 1, 1, 5, 6, 0.0299379826
3, ,8, 10000, 100,, RS, lab004-075, 6, 6, 2, 8, 0.0346610546
3, ,8, 10000,100,, SR,lab004-074, 2, 2, 6, 8, 0.0348019600
3, ,8, 10000, 100,, RS, lab004-075, 4, 4, 0, 4, 0.0349810123
3, ,8, 10000,100,, SR,lab004-074, 0, 0, 4, 4, 0.0350711346
4, ,8, 10000, 100,, RS, lab004-075, 5, 5, 1, 6, 0.0342020988
4, ,8, 10000, 100,, RS, lab004-075, 7, 7, 3, 10, 0.0343019962
4, ,8, 10000, 100,, RS, lab004-075, 4, 4, 0, 4, 0.0348491669
4, ,8, 10000,100,, SR,lab004-074, 1, 1, 5, 6, 0.0344319344
4, ,8, 10000,100,, SR,lab004-074, 3, 3, 7, 10, 0.0344231129
4, ,8, 10000, 100,, RS, lab004-075, 6, 6, 2, 8, 0.0349121094
4, ,8, 10000,100,, SR,lab004-074, 0, 0, 4, 4, 0.0349419117
4, ,8, 10000,100,, SR,lab004-074, 2, 2, 6, 8, 0.0351738930
5, ,8, 10000, 100,, RS, lab004-075, 7, 7, 3, 10, 0.0330929756
5, ,8, 10000, 100,, RS, lab004-075, 4, 4, 0, 4, 0.0340781212
5, ,8, 10000, 100,, RS, lab004-075, 6, 6, 2, 8, 0.0345408916
5, ,8, 10000, 100,, RS, lab004-075, 5, 5, 1, 6, 0.0348980427
5, ,8, 10000,100,, SR,lab004-074, 3, 3, 7, 10, 0.0331819057
5, ,8, 10000,100,, SR,lab004-074, 0, 0, 4, 4, 0.0341770649
5, ,8, 10000,100,, SR,lab004-074, 2, 2, 6, 8, 0.0346560478
5, ,8, 10000,100,, SR,lab004-074, 1, 1, 5, 6, 0.0349159241
6, ,8, 10000, 100,, RS, lab004-075, 4, 4, 0, 4, 0.0310590267
6, ,8, 10000,100,, SR,lab004-074, 0, 0, 4, 4, 0.0311741829
6, ,8, 10000, 100,, RS, lab004-075, 7, 7, 3, 10, 0.0343770981
6, ,8, 10000, 100,, RS, lab004-075, 6, 6, 2, 8, 0.0346820354
6, ,8, 10000,100,, SR,lab004-074, 3, 3, 7, 10, 0.0344350338
6, ,8, 10000, 100,, RS, lab004-075, 5, 5, 1, 6, 0.0349240303
6, ,8, 10000,100,, SR,lab004-074, 2, 2, 6, 8, 0.0346851349
6, ,8, 10000,100,, SR,lab004-074, 1, 1, 5, 6, 0.0351629257
7, ,8, 10000, 100,, RS, lab004-075, 7, 7, 3, 10, 0.0283930302
7, ,8, 10000,100,, SR,lab004-074, 3, 3, 7, 10, 0.0286550522
7, ,8, 10000, 100,, RS, lab004-075, 4, 4, 0, 4, 0.0337460041
7, ,8, 10000,100,, SR,lab004-074, 0, 0, 4, 4, 0.0338978767
7, ,8, 10000, 100,, RS, lab004-075, 6, 6, 2, 8, 0.0347239971
7, ,8, 10000,100,, SR,lab004-074, 2, 2, 6, 8, 0.0348920822
7, ,8, 10000, 100,, RS, lab004-075, 5, 5, 1, 6, 0.0349991322
7, ,8, 10000,100,, SR,lab004-074, 1, 1, 5, 6, 0.0351009369
8, ,8, 10000, 100,, RS, lab004-075, 5, 5, 1, 6, 0.0312409401
8, ,8, 10000, 100,, RS, lab004-075, 6, 6, 2, 8, 0.0320868492
8, ,8, 10000,100,, SR,lab004-074, 1, 1, 5, 6, 0.0314109325
8, ,8, 10000,100,, SR,lab004-074, 2, 2, 6, 8, 0.0321488380
8, ,8, 10000, 100,, RS, lab004-075, 7, 7, 3, 10, 0.0338869095
8, ,8, 10000,100,, SR,lab004-074, 3, 3, 7, 10, 0.0340249538
8, ,8, 10000, 100,, RS, lab004-075, 4, 4, 0, 4, 0.0348310471
8, ,8, 10000,100,, SR,lab004-074, 0, 0, 4, 4, 0.0349829197
9, ,8, 10000, 100,, RS, lab004-075, 6, 6, 2, 8, 0.0312500000
9, ,8, 10000, 100,, RS, lab004-075, 7, 7, 3, 10, 0.0327401161
9, ,8, 10000,100,, SR,lab004-074, 2, 2, 6, 8, 0.0313808918
9, ,8, 10000, 100,, RS, lab004-075, 5, 5, 1, 6, 0.0330920219
9, ,8, 10000,100,, SR,lab004-074, 3, 3, 7, 10, 0.0329120159
9, ,8, 10000,100,, SR,lab004-074, 1, 1, 5, 6, 0.0331721306
9, ,8, 10000, 100,, RS, lab004-075, 4, 4, 0, 4, 0.0348529816
9, ,8, 10000,100,, SR,lab004-074, 0, 0, 4, 4, 0.0351340771
10, ,8, 10000, 100,, RS, lab004-075, 5, 5, 1, 6, 0.0315330029
10, ,8, 10000, 100,, RS, lab004-075, 6, 6, 2, 8, 0.0317368507
10, ,8, 10000, 100,, RS, lab004-075, 4, 4, 0, 4, 0.0322968960
10, ,8, 10000,100,, SR,lab004-074, 1, 1, 5, 6, 0.0315821171
10, ,8, 10000,100,, SR,lab004-074, 2, 2, 6, 8, 0.0318400860
10, ,8, 10000,100,, SR,lab004-074, 0, 0, 4, 4, 0.0323820114
10, ,8, 10000, 100,, RS, lab004-075, 7, 7, 3, 10, 0.0348370075
10, ,8, 10000,100,, SR,lab004-074, 3, 3, 7, 10, 0.0351600647
1, ,8, 1000, 100,, RS, lab004-075, 4, 4, 0, 4, 0.004069
1, ,8, 1000, 100,, RS, lab004-075, 5, 5, 1, 6, 0.004173
1, ,8, 1000, 100,, RS, lab004-075, 6, 6, 2, 8, 0.004271
1, ,8, 1000,100,, SR,lab004-074, 0, 0, 4, 4, 0.003925
1, ,8, 1000, 100,, RS, lab004-075, 7, 7, 3, 10, 0.004369
1, ,8, 1000,100,, SR,lab004-074, 1, 1, 5, 6, 0.003916
1, ,8, 1000,100,, SR,lab004-074, 2, 2, 6, 8, 0.004203
1, ,8, 1000,100,, SR,lab004-074, 3, 3, 7, 10, 0.004206
2, ,8, 1000, 100,, RS, lab004-075, 6, 6, 2, 8, 0.003830
2, ,8, 1000,100,, SR,lab004-074, 1, 1, 5, 6, 0.003932
2, ,8, 1000, 100,, RS, lab004-075, 5, 5, 1, 6, 0.003888
2, ,8, 1000,100,, SR,lab004-074, 2, 2, 6, 8, 0.003928
2, ,8, 1000, 100,, RS, lab004-075, 7, 7, 3, 10, 0.003979
2, ,8, 1000, 100,, RS, lab004-075, 4, 4, 0, 4, 0.004081
2, ,8, 1000,100,, SR,lab004-074, 3, 3, 7, 10, 0.004182
2, ,8, 1000,100,, SR,lab004-074, 0, 0, 4, 4, 0.004192
3, ,8, 1000, 100,, RS, lab004-075, 4, 4, 0, 4, 0.003847
3, ,8, 1000, 100,, RS, lab004-075, 7, 7, 3, 10, 0.003890
3, ,8, 1000,100,, SR,lab004-074, 3, 3, 7, 10, 0.003922
3, ,8, 1000, 100,, RS, lab004-075, 6, 6, 2, 8, 0.004045
3, ,8, 1000,100,, SR,lab004-074, 0, 0, 4, 4, 0.003918
3, ,8, 1000, 100,, RS, lab004-075, 5, 5, 1, 6, 0.004109
3, ,8, 1000,100,, SR,lab004-074, 2, 2, 6, 8, 0.004150
3, ,8, 1000,100,, SR,lab004-074, 1, 1, 5, 6, 0.004155
4, ,8, 1000, 100,, RS, lab004-075, 6, 6, 2, 8, 0.003857
4, ,8, 1000,100,, SR,lab004-074, 2, 2, 6, 8, 0.003953
4, ,8, 1000, 100,, RS, lab004-075, 4, 4, 0, 4, 0.003920
4, ,8, 1000,100,, SR,lab004-074, 0, 0, 4, 4, 0.003956
4, ,8, 1000, 100,, RS, lab004-075, 7, 7, 3, 10, 0.003990
4, ,8, 1000, 100,, RS, lab004-075, 5, 5, 1, 6, 0.004132
4, ,8, 1000,100,, SR,lab004-074, 3, 3, 7, 10, 0.004195
4, ,8, 1000,100,, SR,lab004-074, 1, 1, 5, 6, 0.004203
5, ,8, 1000, 100,, RS, lab004-075, 7, 7, 3, 10, 0.003846
5, ,8, 1000, 100,, RS, lab004-075, 6, 6, 2, 8, 0.003925
5, ,8, 1000, 100,, RS, lab004-075, 4, 4, 0, 4, 0.004046
5, ,8, 1000, 100,, RS, lab004-075, 5, 5, 1, 6, 0.004121
5, ,8, 1000,100,, SR,lab004-074, 2, 2, 6, 8, 0.003906
5, ,8, 1000,100,, SR,lab004-074, 3, 3, 7, 10, 0.003929
5, ,8, 1000,100,, SR,lab004-074, 0, 0, 4, 4, 0.004177
5, ,8, 1000,100,, SR,lab004-074, 1, 1, 5, 6, 0.004157
6, ,8, 1000,100,, SR,lab004-074, 2, 2, 6, 8, 0.003953
6, ,8, 1000, 100,, RS, lab004-075, 4, 4, 0, 4, 0.003837
6, ,8, 1000,100,, SR,lab004-074, 0, 0, 4, 4, 0.003947
6, ,8, 1000, 100,, RS, lab004-075, 6, 6, 2, 8, 0.003890
6, ,8, 1000, 100,, RS, lab004-075, 7, 7, 3, 10, 0.003974
6, ,8, 1000, 100,, RS, lab004-075, 5, 5, 1, 6, 0.004066
6, ,8, 1000,100,, SR,lab004-074, 3, 3, 7, 10, 0.004200
6, ,8, 1000,100,, SR,lab004-074, 1, 1, 5, 6, 0.004213
7, ,8, 1000, 100,, RS, lab004-075, 5, 5, 1, 6, 0.003770
7, ,8, 1000,100,, SR,lab004-074, 1, 1, 5, 6, 0.003926
7, ,8, 1000, 100,, RS, lab004-075, 6, 6, 2, 8, 0.003826
7, ,8, 1000,100,, SR,lab004-074, 2, 2, 6, 8, 0.003897
7, ,8, 1000, 100,, RS, lab004-075, 4, 4, 0, 4, 0.003981
7, ,8, 1000, 100,, RS, lab004-075, 7, 7, 3, 10, 0.004024
7, ,8, 1000,100,, SR,lab004-074, 3, 3, 7, 10, 0.004146
7, ,8, 1000,100,, SR,lab004-074, 0, 0, 4, 4, 0.004167
8, ,8, 1000, 100,, RS, lab004-075, 5, 5, 1, 6, 0.003821
8, ,8, 1000, 100,, RS, lab004-075, 7, 7, 3, 10, 0.003856
8, ,8, 1000,100,, SR,lab004-074, 1, 1, 5, 6, 0.003932
8, ,8, 1000, 100,, RS, lab004-075, 4, 4, 0, 4, 0.004012
8, ,8, 1000, 100,, RS, lab004-075, 6, 6, 2, 8, 0.004068
8, ,8, 1000,100,, SR,lab004-074, 3, 3, 7, 10, 0.003892
8, ,8, 1000,100,, SR,lab004-074, 0, 0, 4, 4, 0.004178
8, ,8, 1000,100,, SR,lab004-074, 2, 2, 6, 8, 0.004146
9, ,8, 1000,100,, SR,lab004-074, 0, 0, 4, 4, 0.003897
9, ,8, 1000, 100,, RS, lab004-075, 6, 6, 2, 8, 0.003812
9, ,8, 1000,100,, SR,lab004-074, 2, 2, 6, 8, 0.003913
9, ,8, 1000, 100,, RS, lab004-075, 4, 4, 0, 4, 0.003863
9, ,8, 1000, 100,, RS, lab004-075, 7, 7, 3, 10, 0.004028
9, ,8, 1000, 100,, RS, lab004-075, 5, 5, 1, 6, 0.004063
9, ,8, 1000,100,, SR,lab004-074, 3, 3, 7, 10, 0.004196
9, ,8, 1000,100,, SR,lab004-074, 1, 1, 5, 6, 0.004168
10, ,8, 1000, 100,, RS, lab004-075, 7, 7, 3, 10, 0.003742
10, ,8, 1000, 100,, RS, lab004-075, 5, 5, 1, 6, 0.003793
10, ,8, 1000, 100,, RS, lab004-075, 6, 6, 2, 8, 0.003901
10, ,8, 1000, 100,, RS, lab004-075, 4, 4, 0, 4, 0.003998
10, ,8, 1000,100,, SR,lab004-074, 1, 1, 5, 6, 0.003889
10, ,8, 1000,100,, SR,lab004-074, 3, 3, 7, 10, 0.003884
10, ,8, 1000,100,, SR,lab004-074, 2, 2, 6, 8, 0.004120
10, ,8, 1000,100,, SR,lab004-074, 0, 0, 4, 4, 0.004115
1, ,8, 1, 100,, RS, lab004-075, 4, 4, 0, 4, 0.0007200241
1, ,8, 1,100,, SR,lab004-074, 1, 1, 5, 6, 0.0007410049
1, ,8, 1, 100,, RS, lab004-075, 5, 5, 1, 6, 0.0007309914
1, ,8, 1,100,, SR,lab004-074, 3, 3, 7, 10, 0.0007998943
1, ,8, 1, 100,, RS, lab004-075, 7, 7, 3, 10, 0.0007190704
1, ,8, 1,100,, SR,lab004-074, 0, 0, 4, 4, 0.0008008480
1, ,8, 1,100,, SR,lab004-074, 2, 2, 6, 8, 0.0009539127
1, ,8, 1, 100,, RS, lab004-075, 6, 6, 2, 8, 0.0008869171
2, ,8, 1,100,, SR,lab004-074, 3, 3, 7, 10, 0.0007970333
2, ,8, 1, 100,, RS, lab004-075, 7, 7, 3, 10, 0.0007300377
2, ,8, 1,100,, SR,lab004-074, 1, 1, 5, 6, 0.0007998943
2, ,8, 1, 100,, RS, lab004-075, 5, 5, 1, 6, 0.0007488728
2, ,8, 1,100,, SR,lab004-074, 0, 0, 4, 4, 0.0009098053
2, ,8, 1, 100,, RS, lab004-075, 4, 4, 0, 4, 0.0008440018
2, ,8, 1, 100,, RS, lab004-075, 6, 6, 2, 8, 0.0009641647
2, ,8, 1,100,, SR,lab004-074, 2, 2, 6, 8, 0.0010068417
3, ,8, 1, 100,, RS, lab004-075, 7, 7, 3, 10, 0.0006217957
3, ,8, 1,100,, SR,lab004-074, 0, 0, 4, 4, 0.0006589890
3, ,8, 1,100,, SR,lab004-074, 2, 2, 6, 8, 0.0007147789
3, ,8, 1, 100,, RS, lab004-075, 4, 4, 0, 4, 0.0006251335
3, ,8, 1,100,, SR,lab004-074, 3, 3, 7, 10, 0.0006780624
3, ,8, 1, 100,, RS, lab004-075, 6, 6, 2, 8, 0.0006270409
3, ,8, 1,100,, SR,lab004-074, 1, 1, 5, 6, 0.0008709431
3, ,8, 1, 100,, RS, lab004-075, 5, 5, 1, 6, 0.0007929802
4, ,8, 1,100,, SR,lab004-074, 0, 0, 4, 4, 0.0009059906
4, ,8, 1, 100,, RS, lab004-075, 6, 6, 2, 8, 0.0003619194
4, ,8, 1,100,, SR,lab004-074, 1, 1, 5, 6, 0.0009071827
4, ,8, 1, 100,, RS, lab004-075, 4, 4, 0, 4, 0.0003569126
4, ,8, 1,100,, SR,lab004-074, 2, 2, 6, 8, 0.0009090900
4, ,8, 1, 100,, RS, lab004-075, 5, 5, 1, 6, 0.0003628731
4, ,8, 1,100,, SR,lab004-074, 3, 3, 7, 10, 0.0011460781
4, ,8, 1, 100,, RS, lab004-075, 7, 7, 3, 10, 0.0004961491
5, ,8, 1, 100,, RS, lab004-075, 7, 7, 3, 10, 0.0007550716
5, ,8, 1,100,, SR,lab004-074, 3, 3, 7, 10, 0.0007760525
5, ,8, 1, 100,, RS, lab004-075, 4, 4, 0, 4, 0.0007309914
5, ,8, 1,100,, SR,lab004-074, 0, 0, 4, 4, 0.0008130074
5, ,8, 1, 100,, RS, lab004-075, 5, 5, 1, 6, 0.0007538795
5, ,8, 1,100,, SR,lab004-074, 2, 2, 6, 8, 0.0008080006
5, ,8, 1, 100,, RS, lab004-075, 6, 6, 2, 8, 0.0007479191
5, ,8, 1,100,, SR,lab004-074, 1, 1, 5, 6, 0.0007660389
6, ,8, 1, 100,, RS, lab004-075, 7, 7, 3, 10, 0.0006928444
6, ,8, 1,100,, SR,lab004-074, 0, 0, 4, 4, 0.0007381439
6, ,8, 1, 100,, RS, lab004-075, 4, 4, 0, 4, 0.0006730556
6, ,8, 1,100,, SR,lab004-074, 1, 1, 5, 6, 0.0007090569
6, ,8, 1, 100,, RS, lab004-075, 5, 5, 1, 6, 0.0007019043
6, ,8, 1,100,, SR,lab004-074, 3, 3, 7, 10, 0.0007228851
6, ,8, 1, 100,, RS, lab004-075, 6, 6, 2, 8, 0.0008950233
6, ,8, 1,100,, SR,lab004-074, 2, 2, 6, 8, 0.0009539127
7, ,8, 1, 100,, RS, lab004-075, 5, 5, 1, 6, 0.0006680489
7, ,8, 1,100,, SR,lab004-074, 3, 3, 7, 10, 0.0007410049
7, ,8, 1, 100,, RS, lab004-075, 6, 6, 2, 8, 0.0006790161
7, ,8, 1,100,, SR,lab004-074, 1, 1, 5, 6, 0.0007438660
7, ,8, 1, 100,, RS, lab004-075, 7, 7, 3, 10, 0.0006840229
7, ,8, 1,100,, SR,lab004-074, 2, 2, 6, 8, 0.0007171631
7, ,8, 1, 100,, RS, lab004-075, 4, 4, 0, 4, 0.0008809566
7, ,8, 1,100,, SR,lab004-074, 0, 0, 4, 4, 0.0009381771
8, ,8, 1,100,, SR,lab004-074, 2, 2, 6, 8, 0.0007538795
8, ,8, 1, 100,, RS, lab004-075, 6, 6, 2, 8, 0.0007259846
8, ,8, 1,100,, SR,lab004-074, 3, 3, 7, 10, 0.0007350445
8, ,8, 1, 100,, RS, lab004-075, 7, 7, 3, 10, 0.0007019043
8, ,8, 1,100,, SR,lab004-074, 0, 0, 4, 4, 0.0007519722
8, ,8, 1, 100,, RS, lab004-075, 4, 4, 0, 4, 0.0007250309
8, ,8, 1, 100,, RS, lab004-075, 5, 5, 1, 6, 0.0008800030
8, ,8, 1,100,, SR,lab004-074, 1, 1, 5, 6, 0.0009541512
9, ,8, 1, 100,, RS, lab004-075, 4, 4, 0, 4, 0.0006649494
9, ,8, 1,100,, SR,lab004-074, 0, 0, 4, 4, 0.0007321835
9, ,8, 1, 100,, RS, lab004-075, 5, 5, 1, 6, 0.0006649494
9, ,8, 1,100,, SR,lab004-074, 1, 1, 5, 6, 0.0007350445
9, ,8, 1, 100,, RS, lab004-075, 6, 6, 2, 8, 0.0006830692
9, ,8, 1,100,, SR,lab004-074, 2, 2, 6, 8, 0.0008420944
9, ,8, 1, 100,, RS, lab004-075, 7, 7, 3, 10, 0.0008430481
9, ,8, 1,100,, SR,lab004-074, 3, 3, 7, 10, 0.0009479523
10, ,8, 1,100,, SR,lab004-074, 0, 0, 4, 4, 0.0007500648
10, ,8, 1, 100,, RS, lab004-075, 4, 4, 0, 4, 0.0007228851
10, ,8, 1,100,, SR,lab004-074, 2, 2, 6, 8, 0.0007498264
10, ,8, 1, 100,, RS, lab004-075, 6, 6, 2, 8, 0.0007250309
10, ,8, 1,100,, SR,lab004-074, 1, 1, 5, 6, 0.0008780956
10, ,8, 1, 100,, RS, lab004-075, 5, 5, 1, 6, 0.0007450581
10, ,8, 1,100,, SR,lab004-074, 3, 3, 7, 10, 0.0009610653
10, ,8, 1, 100,, RS, lab004-075, 7, 7, 3, 10, 0.0008890629
